"","variable","value"
"1","Water",1.4430256875
"2","Mixed",2.83004783333333
"3","Evergreen",26.6614396666667
"4","Deciduous",58.64508665625
"5","Development",0.354689364583333
"6","Agriculture",0.659800625
"7","Barren",0
"8","Shrub",2.09453404166667
"9","Wetland",6.727896859375
"10","Herbaceous",0.5973715625
